facility_id,drug_type,month,consumption,stock,actual_stockout,predicted_stockout,stockout_probability,confidence
Muyuka Health Center,ORS,2023-08-31,423,1329,0,0,0.0,1.0
Buea Regional Hospital,Ceftriaxone,2024-01-31,547,647,0,0,0.0,1.0
Kumba District Hospital,Paracetamol,2023-02-28,512,2475,0,0,0.0,1.0
Kumba District Hospital,ORS,2023-11-30,376,0,1,1,1.0,1.0
Limbe District Hospital,Salbutamol,2024-06-30,133,0,1,1,0.9926126126126127,0.9926126126126127
Muyuka Health Center,Salbutamol,2023-11-30,593,188,0,0,0.01000091799265606,0.989999082007344
Tiko District Hospital,Atenolol,2023-02-28,364,2440,0,0,0.0,1.0
Muyuka Health Center,Amoxicillin,2023-12-31,271,668,0,0,0.0,1.0
Tiko District Hospital,Metformin,2024-11-30,382,0,1,1,0.9993692307692308,0.9993692307692308
Muyuka Health Center,Atenolol,2024-07-31,310,0,1,1,0.9852252252252254,0.9852252252252254
Tiko District Hospital,Salbutamol,2024-10-31,509,0,1,1,1.0,1.0
Limbe District Hospital,Amoxicillin,2023-12-31,497,57,0,0,0.1774163487584447,0.8225836512415552
Muyuka Health Center,Salbutamol,2024-12-31,412,1293,0,0,0.0,1.0
Tiko District Hospital,Atenolol,2024-10-31,436,450,0,0,0.0,1.0
Tiko District Hospital,Metformin,2024-11-30,273,401,0,0,0.0,1.0
Limbe District Hospital,Salbutamol,2024-08-31,398,965,0,0,0.0,1.0
Buea Regional Hospital,ORS,2023-05-31,162,2302,0,0,0.0,1.0
Buea Regional Hospital,Metformin,2024-10-31,124,459,0,0,0.0,1.0
Buea Regional Hospital,Atenolol,2024-02-29,331,888,0,0,0.0,1.0
Muyuka Health Center,Ceftriaxone,2024-08-31,253,52,0,0,0.2116471202300372,0.7883528797699627
Muyuka Health Center,Paracetamol,2023-08-31,335,0,1,1,1.0,1.0
Buea Regional Hospital,ORS,2024-08-31,405,1118,0,0,0.0,1.0
Buea Regional Hospital,Metformin,2024-11-30,232,0,1,1,1.0,1.0
Kumba District Hospital,Paracetamol,2024-04-30,359,1147,0,0,0.0,1.0
Kumba District Hospital,ORS,2024-04-30,419,0,1,1,1.0,1.0
Kumba District Hospital,Metformin,2023-03-31,216,1686,0,0,0.0,1.0
Limbe District Hospital,Salbutamol,2023-02-28,154,3072,0,0,0.0,1.0
Muyuka Health Center,ACTs,2023-12-31,471,0,1,1,1.0,1.0
Muyuka Health Center,Metformin,2023-04-30,215,2542,0,0,0.0,1.0
Buea Regional Hospital,Metformin,2023-06-30,286,1732,0,0,0.0,1.0
Kumba District Hospital,Amoxicillin,2024-05-31,315,0,1,1,0.9926126126126127,0.9926126126126127
Kumba District Hospital,Salbutamol,2023-03-31,299,2562,0,0,0.0,1.0
Muyuka Health Center,Salbutamol,2024-02-29,363,443,0,0,0.01,0.99
Limbe District Hospital,Ceftriaxone,2024-11-30,444,0,1,1,1.0,1.0
Buea Regional Hospital,Paracetamol,2023-03-31,540,1421,0,0,0.0,1.0
Kumba District Hospital,Metformin,2024-11-30,290,188,0,0,0.0,1.0
Buea Regional Hospital,Metformin,2024-04-30,380,29,1,1,0.9417384786358853,0.9417384786358853
Buea Regional Hospital,ACTs,2023-09-30,530,231,0,0,0.0077605416066954536,0.9922394583933045
Limbe District Hospital,Amoxicillin,2024-03-31,343,534,0,0,0.0,1.0
Buea Regional Hospital,Atenolol,2024-10-31,544,0,1,1,1.0,1.0
Muyuka Health Center,Ceftriaxone,2023-03-31,310,2134,0,0,0.0,1.0
Limbe District Hospital,Ceftriaxone,2023-06-30,514,0,1,1,0.9827967535455342,0.9827967535455342
Limbe District Hospital,Amoxicillin,2023-05-31,387,0,1,1,0.9991386554621848,0.9991386554621848
Tiko District Hospital,ORS,2024-06-30,171,1372,0,0,0.0,1.0
Tiko District Hospital,Amoxicillin,2023-02-28,588,1912,0,0,0.0,1.0
Tiko District Hospital,Amoxicillin,2024-06-30,519,0,1,1,1.0,1.0
Kumba District Hospital,Paracetamol,2023-02-28,525,2273,0,0,0.0,1.0
Muyuka Health Center,Salbutamol,2023-04-30,184,2595,0,0,0.0,1.0
Buea Regional Hospital,Amoxicillin,2024-01-31,272,711,0,0,0.0036657303370786526,0.9963342696629214
Limbe District Hospital,Salbutamol,2023-01-31,234,2025,0,0,0.0,1.0
Kumba District Hospital,Amoxicillin,2024-04-30,257,1053,0,0,0.0,1.0
Buea Regional Hospital,Salbutamol,2023-11-30,231,454,0,0,0.0,1.0
Kumba District Hospital,ACTs,2023-03-31,639,1509,0,0,0.0,1.0
Limbe District Hospital,Amoxicillin,2023-02-28,619,1926,0,0,0.0,1.0
Limbe District Hospital,Metformin,2024-05-31,181,815,0,0,0.0,1.0
Kumba District Hospital,Atenolol,2023-03-31,138,427,0,0,0.0,1.0
Limbe District Hospital,ORS,2023-02-28,592,3036,0,0,0.0,1.0
Buea Regional Hospital,ORS,2024-03-31,565,62,0,0,0.14585196843452106,0.854148031565479
Limbe District Hospital,Ceftriaxone,2023-05-31,491,846,0,0,0.0,1.0
Kumba District Hospital,ORS,2024-10-31,297,38,1,1,0.861771776218781,0.861771776218781
Muyuka Health Center,Paracetamol,2023-09-30,188,0,1,1,0.9994436906377205,0.9994436906377205
Limbe District Hospital,Atenolol,2023-01-31,150,1804,0,0,0.0,1.0
Muyuka Health Center,Ceftriaxone,2023-03-31,179,1470,0,0,0.00514792899408284,0.9948520710059171
Limbe District Hospital,Atenolol,2024-03-31,270,0,1,1,1.0,1.0
Tiko District Hospital,ORS,2024-03-31,567,0,1,1,0.9970803662258393,0.9970803662258393
Tiko District Hospital,Ceftriaxone,2024-02-29,401,0,1,1,1.0,1.0
Muyuka Health Center,ORS,2024-06-30,233,1135,0,0,0.0,1.0
Kumba District Hospital,Ceftriaxone,2023-05-31,415,291,0,0,0.010248907210080111,0.9897510927899198
Tiko District Hospital,Salbutamol,2024-02-29,497,0,1,1,1.0,1.0
Buea Regional Hospital,Salbutamol,2023-11-30,408,0,1,1,1.0,1.0
Tiko District Hospital,Paracetamol,2024-12-31,479,543,0,0,0.0,1.0
Kumba District Hospital,Atenolol,2023-07-31,218,482,0,0,0.0,1.0
Kumba District Hospital,Metformin,2023-09-30,492,848,0,0,0.0,1.0
Limbe District Hospital,Paracetamol,2024-08-31,406,394,0,0,0.0,1.0
Kumba District Hospital,Atenolol,2023-08-31,605,28,1,1,0.976888894433912,0.976888894433912
Muyuka Health Center,Salbutamol,2024-10-31,160,0,1,1,0.9984139264990329,0.9984139264990329
Limbe District Hospital,Ceftriaxone,2023-05-31,430,1150,0,0,0.0,1.0
Limbe District Hospital,ORS,2024-03-31,474,0,1,1,1.0,1.0
Muyuka Health Center,Ceftriaxone,2023-07-31,659,879,0,0,0.0,1.0
Tiko District Hospital,Amoxicillin,2023-08-31,298,419,0,0,0.0,1.0
Limbe District Hospital,Paracetamol,2024-12-31,248,0,1,1,1.0,1.0
Limbe District Hospital,Metformin,2024-07-31,478,0,1,1,1.0,1.0
Limbe District Hospital,Paracetamol,2024-01-31,462,0,1,1,1.0,1.0
Tiko District Hospital,Ceftriaxone,2024-01-31,700,0,1,1,1.0,1.0
Muyuka Health Center,ORS,2024-08-31,208,0,1,1,0.9994436906377205,0.9994436906377205
Tiko District Hospital,Atenolol,2023-10-31,528,370,0,0,0.0,1.0
Buea Regional Hospital,Atenolol,2023-11-30,385,0,1,1,0.9993692307692308,0.9993692307692308
Muyuka Health Center,ACTs,2024-09-30,377,85,0,0,0.01463284956809865,0.9853671504319013
Limbe District Hospital,Metformin,2024-10-31,321,729,0,0,0.0,1.0
Kumba District Hospital,Paracetamol,2024-04-30,171,200,0,0,0.0,1.0
Buea Regional Hospital,ORS,2024-09-30,330,977,0,0,0.0,1.0
Buea Regional Hospital,ACTs,2024-05-31,80,1198,0,0,0.0036657303370786526,0.9963342696629214
Tiko District Hospital,Paracetamol,2023-07-31,257,454,0,0,0.0,1.0
Kumba District Hospital,Salbutamol,2024-01-31,272,1276,0,0,0.0,1.0
Tiko District Hospital,Salbutamol,2024-06-30,457,336,0,0,0.0,1.0
Kumba District Hospital,Salbutamol,2023-02-28,403,812,0,0,0.004431239388794569,0.9955687606112055
Buea Regional Hospital,Ceftriaxone,2023-10-31,441,206,0,0,0.0,1.0
Buea Regional Hospital,Ceftriaxone,2023-05-31,362,807,0,0,0.0,1.0
Buea Regional Hospital,Atenolol,2024-10-31,457,0,1,1,1.0,1.0
Limbe District Hospital,ORS,2024-02-29,496,0,1,1,1.0,1.0
Muyuka Health Center,Atenolol,2023-10-31,226,0,1,1,1.0,1.0
Muyuka Health Center,Amoxicillin,2023-05-31,347,772,0,0,0.0,1.0
Kumba District Hospital,Paracetamol,2023-05-31,220,965,0,0,0.0026126126126126124,0.9973873873873873
Buea Regional Hospital,Atenolol,2023-04-30,299,927,0,0,0.0,1.0
Kumba District Hospital,Amoxicillin,2023-05-31,290,537,0,0,0.0,1.0
Buea Regional Hospital,Atenolol,2023-04-30,431,1718,0,0,0.0,1.0
Limbe District Hospital,Ceftriaxone,2023-03-31,392,1606,0,0,0.0,1.0
Muyuka Health Center,Amoxicillin,2023-11-30,484,270,0,0,0.0,1.0
Limbe District Hospital,Amoxicillin,2024-09-30,742,0,1,1,1.0,1.0
Tiko District Hospital,ORS,2023-03-31,519,2510,0,0,0.0,1.0
Tiko District Hospital,Metformin,2023-01-31,432,2306,0,0,0.0,1.0
Buea Regional Hospital,Salbutamol,2024-10-31,218,1078,0,0,0.0,1.0
Limbe District Hospital,ACTs,2024-08-31,408,815,0,0,0.0,1.0
Muyuka Health Center,Metformin,2023-10-31,479,0,1,1,1.0,1.0
Limbe District Hospital,Ceftriaxone,2023-09-30,530,0,1,1,1.0,1.0
Buea Regional Hospital,Paracetamol,2024-03-31,454,1107,0,0,0.0,1.0
Kumba District Hospital,ORS,2023-04-30,372,2101,0,0,0.0,1.0
Kumba District Hospital,ACTs,2023-03-31,235,2163,0,0,0.0,1.0
Kumba District Hospital,Ceftriaxone,2023-06-30,238,1082,0,0,0.0,1.0
Tiko District Hospital,Salbutamol,2024-10-31,158,580,0,0,0.0,1.0
Limbe District Hospital,Metformin,2024-01-31,276,0,1,1,1.0,1.0
Muyuka Health Center,ACTs,2023-01-31,583,3445,0,0,0.0,1.0
Tiko District Hospital,Amoxicillin,2023-01-31,298,1556,0,0,0.0,1.0
Kumba District Hospital,Metformin,2024-10-31,154,342,0,0,0.0,1.0
Kumba District Hospital,ACTs,2024-10-31,333,1071,0,0,0.0,1.0
Muyuka Health Center,Paracetamol,2023-09-30,317,440,0,0,0.0,1.0
Muyuka Health Center,Paracetamol,2023-03-31,506,1370,0,0,0.0,1.0
Muyuka Health Center,Paracetamol,2023-08-31,551,0,1,1,1.0,1.0
Muyuka Health Center,Ceftriaxone,2023-11-30,365,14,1,1,0.99,0.99
Kumba District Hospital,Salbutamol,2024-02-29,391,1004,0,0,0.0,1.0
Kumba District Hospital,Amoxicillin,2023-04-30,377,1076,0,0,0.0,1.0
Buea Regional Hospital,Amoxicillin,2023-06-30,535,638,0,0,0.0,1.0
Muyuka Health Center,Amoxicillin,2024-01-31,80,398,0,0,0.0,1.0
Limbe District Hospital,Salbutamol,2023-10-31,276,8,1,1,0.999271758436945,0.999271758436945
Muyuka Health Center,ORS,2024-06-30,524,0,1,1,1.0,1.0
Muyuka Health Center,ACTs,2024-04-30,555,0,1,1,1.0,1.0
Kumba District Hospital,Amoxicillin,2023-10-31,414,495,0,0,0.0,1.0
Tiko District Hospital,Ceftriaxone,2023-07-31,742,518,0,0,0.0,1.0
Tiko District Hospital,Ceftriaxone,2024-09-30,231,973,0,0,0.0,1.0
Tiko District Hospital,ORS,2024-12-31,80,542,0,0,0.0,1.0
Muyuka Health Center,Paracetamol,2023-12-31,247,0,1,1,1.0,1.0
Buea Regional Hospital,ACTs,2023-12-31,571,0,1,1,1.0,1.0
Kumba District Hospital,Paracetamol,2023-01-31,258,2639,0,0,0.0,1.0
Buea Regional Hospital,Paracetamol,2023-03-31,552,729,0,0,0.00936923076923077,0.9906307692307692
Buea Regional Hospital,Amoxicillin,2023-12-31,462,0,1,1,0.9984139264990328,0.9984139264990328
Muyuka Health Center,Salbutamol,2024-02-29,214,1178,0,0,0.0,1.0
Buea Regional Hospital,Metformin,2023-02-28,372,2051,0,0,0.0,1.0
Limbe District Hospital,Amoxicillin,2023-06-30,506,528,0,0,0.0,1.0
Muyuka Health Center,ACTs,2024-06-30,506,0,1,1,1.0,1.0
Kumba District Hospital,Amoxicillin,2024-04-30,542,0,1,1,0.9970803662258393,0.9970803662258393
Kumba District Hospital,Metformin,2024-05-31,208,440,0,0,0.0,1.0
Buea Regional Hospital,ORS,2024-11-30,227,512,0,0,0.0,1.0
Muyuka Health Center,Salbutamol,2023-10-31,98,1925,0,0,0.0,1.0
Limbe District Hospital,Ceftriaxone,2024-03-31,413,0,1,1,1.0,1.0
Kumba District Hospital,ACTs,2024-01-31,182,467,0,0,0.0,1.0
Buea Regional Hospital,Amoxicillin,2023-01-31,230,1425,0,0,0.0,1.0
Muyuka Health Center,Amoxicillin,2023-07-31,428,0,1,1,1.0,1.0
Muyuka Health Center,Paracetamol,2023-02-28,272,2102,0,0,0.0,1.0
Muyuka Health Center,ACTs,2024-12-31,421,651,0,0,0.0,1.0
Buea Regional Hospital,ACTs,2024-08-31,437,0,1,1,0.9977956989247312,0.9977956989247312
Muyuka Health Center,Paracetamol,2023-12-31,583,0,1,1,1.0,1.0
Kumba District Hospital,ACTs,2024-02-29,298,0,1,1,1.0,1.0
Tiko District Hospital,Metformin,2023-10-31,314,0,1,1,0.9926126126126127,0.9926126126126127
Limbe District Hospital,Metformin,2024-06-30,239,634,0,0,0.0,1.0
Tiko District Hospital,Metformin,2023-06-30,223,574,0,0,0.0,1.0
Buea Regional Hospital,ACTs,2023-06-30,252,1472,0,0,0.0,1.0
Tiko District Hospital,Ceftriaxone,2024-05-31,645,26,1,1,0.9456327092720845,0.9456327092720845
Muyuka Health Center,Atenolol,2023-04-30,134,1927,0,0,0.0,1.0
Buea Regional Hospital,Amoxicillin,2024-03-31,262,0,1,1,0.999502427184466,0.999502427184466
Kumba District Hospital,ORS,2023-04-30,398,1582,0,0,0.0,1.0
Tiko District Hospital,Metformin,2023-11-30,341,794,0,0,0.0,1.0
Limbe District Hospital,Paracetamol,2024-07-31,576,970,0,0,0.0,1.0
Kumba District Hospital,Atenolol,2023-02-28,218,1306,0,0,0.0,1.0
Tiko District Hospital,Ceftriaxone,2024-01-31,268,121,0,0,0.0,1.0
Muyuka Health Center,Metformin,2023-01-31,389,2918,0,0,0.0,1.0
Kumba District Hospital,Paracetamol,2023-02-28,310,695,0,0,0.0,1.0
Kumba District Hospital,Metformin,2023-02-28,454,2814,0,0,0.0,1.0
Tiko District Hospital,ORS,2023-11-30,453,0,1,1,1.0,1.0
Tiko District Hospital,Paracetamol,2023-02-28,290,1319,0,0,0.0,1.0
Limbe District Hospital,ACTs,2023-10-31,285,55,0,0,0.12926720118734514,0.8707327988126548
Buea Regional Hospital,Paracetamol,2024-05-31,391,0,1,1,0.9991386554621848,0.9991386554621848
Tiko District Hospital,ACTs,2023-08-31,217,243,0,0,0.0023262032085561496,0.9976737967914439
Buea Regional Hospital,Amoxicillin,2024-12-31,283,1047,0,0,0.001617100371747212,0.9983828996282529
Buea Regional Hospital,Salbutamol,2024-10-31,365,0,1,1,1.0,1.0
Kumba District Hospital,Metformin,2024-10-31,351,564,0,0,0.0,1.0
Limbe District Hospital,Metformin,2023-09-30,117,858,0,0,0.0,1.0
Muyuka Health Center,Amoxicillin,2024-06-30,80,523,0,0,0.0,1.0
Limbe District Hospital,ACTs,2024-04-30,557,0,1,1,1.0,1.0
Kumba District Hospital,Atenolol,2023-06-30,517,1131,0,0,0.0,1.0
Muyuka Health Center,ORS,2024-12-31,127,1077,0,0,0.0,1.0
Tiko District Hospital,Salbutamol,2024-03-31,656,115,0,0,0.009734921810264278,0.9902650781897357
Tiko District Hospital,ACTs,2024-10-31,276,907,0,0,0.0,1.0
Limbe District Hospital,Paracetamol,2024-02-29,465,74,0,0,0.019059643127017467,0.9809403568729824
Muyuka Health Center,Ceftriaxone,2023-07-31,342,340,0,0,0.0,1.0
Buea Regional Hospital,Amoxicillin,2024-10-31,721,0,1,1,1.0,1.0
Tiko District Hospital,ACTs,2024-01-31,209,513,0,0,0.0,1.0
Muyuka Health Center,Atenolol,2023-12-31,479,928,0,0,0.0,1.0
Kumba District Hospital,Ceftriaxone,2023-08-31,420,0,1,1,1.0,1.0
Buea Regional Hospital,Metformin,2024-12-31,278,110,0,0,0.0,1.0
Buea Regional Hospital,Atenolol,2024-02-29,465,0,1,1,1.0,1.0
Kumba District Hospital,Ceftriaxone,2024-06-30,592,511,0,0,0.0,1.0
Buea Regional Hospital,ACTs,2024-10-31,80,253,0,0,0.016541307547910243,0.9834586924520897
Kumba District Hospital,Atenolol,2023-07-31,303,0,1,1,1.0,1.0
Limbe District Hospital,Salbutamol,2024-12-31,220,937,0,0,0.0,1.0
Limbe District Hospital,Ceftriaxone,2023-10-31,505,518,0,0,0.0,1.0
Limbe District Hospital,Ceftriaxone,2024-11-30,549,0,1,1,1.0,1.0
Buea Regional Hospital,Paracetamol,2024-09-30,239,164,0,0,0.0,1.0
Buea Regional Hospital,ACTs,2024-10-31,472,0,1,1,1.0,1.0
Kumba District Hospital,Paracetamol,2023-05-31,477,1114,0,0,0.0,1.0
Tiko District Hospital,Amoxicillin,2023-03-31,581,0,1,1,0.9585802408326907,0.9585802408326907
Kumba District Hospital,Paracetamol,2023-12-31,568,679,0,0,0.0,1.0
Tiko District Hospital,ACTs,2023-07-31,142,754,0,0,0.0,1.0
Muyuka Health Center,Metformin,2024-10-31,209,0,1,1,0.999271758436945,0.999271758436945
Limbe District Hospital,ORS,2024-12-31,520,0,1,1,1.0,1.0
Limbe District Hospital,Paracetamol,2024-04-30,401,0,1,1,0.9991386554621848,0.9991386554621848
Kumba District Hospital,Paracetamol,2023-07-31,456,144,0,0,0.0,1.0
Tiko District Hospital,Metformin,2023-01-31,390,1217,0,0,0.0,1.0
Kumba District Hospital,ORS,2023-11-30,256,811,0,0,0.0,1.0
Kumba District Hospital,Atenolol,2024-01-31,269,0,1,1,0.99,0.99
Buea Regional Hospital,Atenolol,2024-05-31,462,739,0,0,0.0,1.0
Muyuka Health Center,Amoxicillin,2023-12-31,360,577,0,0,0.0,1.0
Limbe District Hospital,Atenolol,2024-02-29,588,0,1,1,1.0,1.0
Limbe District Hospital,Paracetamol,2023-11-30,182,169,0,0,0.0,1.0
Muyuka Health Center,Amoxicillin,2023-10-31,80,272,0,0,0.008413926499032881,0.9915860735009671
Muyuka Health Center,Ceftriaxone,2024-02-29,691,0,1,1,0.9962190216880242,0.9962190216880242
Limbe District Hospital,Atenolol,2023-06-30,462,626,0,0,0.0,1.0
Kumba District Hospital,Metformin,2023-10-31,342,1258,0,0,0.0,1.0
Muyuka Health Center,Paracetamol,2024-04-30,567,0,1,1,1.0,1.0
Buea Regional Hospital,Paracetamol,2024-12-31,348,505,0,0,0.0,1.0
Muyuka Health Center,Salbutamol,2023-07-31,398,928,0,0,0.006387665198237886,0.9936123348017621
Muyuka Health Center,Ceftriaxone,2023-11-30,347,389,0,0,0.0,1.0
Limbe District Hospital,ACTs,2024-10-31,465,0,1,1,0.9976856849359779,0.9976856849359779
Limbe District Hospital,ORS,2023-10-31,583,0,1,1,0.9993692307692308,0.9993692307692308
Limbe District Hospital,Amoxicillin,2023-01-31,504,1465,0,0,0.0,1.0
Kumba District Hospital,Amoxicillin,2024-08-31,495,0,1,1,1.0,1.0
Muyuka Health Center,Amoxicillin,2024-12-31,94,409,0,0,0.0,1.0
Tiko District Hospital,ORS,2023-06-30,271,594,0,0,0.0,1.0
Muyuka Health Center,Amoxicillin,2024-01-31,321,216,0,0,0.0045910290237467025,0.9954089709762534
Limbe District Hospital,Amoxicillin,2024-09-30,513,482,0,0,0.0,1.0
Tiko District Hospital,Paracetamol,2023-09-30,227,30,1,1,0.7697816123118549,0.7697816123118549
Limbe District Hospital,Atenolol,2024-08-31,285,159,0,0,0.0,1.0
Kumba District Hospital,Atenolol,2023-03-31,544,1241,0,0,0.0,1.0
Limbe District Hospital,Atenolol,2024-06-30,391,0,1,1,1.0,1.0
Tiko District Hospital,Salbutamol,2023-09-30,499,248,0,0,0.0,1.0
Limbe District Hospital,Atenolol,2023-12-31,165,0,1,1,1.0,1.0
Limbe District Hospital,Salbutamol,2023-06-30,203,2072,0,0,0.0,1.0
Limbe District Hospital,Salbutamol,2023-01-31,509,2796,0,0,0.0,1.0
Kumba District Hospital,Salbutamol,2023-12-31,567,0,1,1,1.0,1.0
Muyuka Health Center,Amoxicillin,2023-10-31,251,1278,0,0,0.0,1.0
Buea Regional Hospital,Atenolol,2024-11-30,549,225,0,0,0.0,1.0
Kumba District Hospital,Amoxicillin,2023-09-30,527,943,0,0,0.0,1.0
Muyuka Health Center,Amoxicillin,2024-03-31,251,0,1,1,0.999502427184466,0.999502427184466
Muyuka Health Center,Ceftriaxone,2023-12-31,672,0,1,1,1.0,1.0
Kumba District Hospital,Paracetamol,2023-01-31,433,2908,0,0,0.0,1.0
Muyuka Health Center,Paracetamol,2023-06-30,373,900,0,0,0.0,1.0
Limbe District Hospital,Amoxicillin,2023-01-31,603,2529,0,0,0.0,1.0
Kumba District Hospital,Ceftriaxone,2024-10-31,89,0,1,1,1.0,1.0
Tiko District Hospital,Amoxicillin,2023-08-31,527,0,1,1,1.0,1.0
Tiko District Hospital,ACTs,2023-12-31,315,443,0,0,0.0,1.0
Buea Regional Hospital,Ceftriaxone,2024-03-31,212,899,0,0,0.0,1.0
Limbe District Hospital,Ceftriaxone,2023-12-31,308,0,1,1,1.0,1.0
Buea Regional Hospital,Metformin,2024-09-30,268,31,1,1,0.8909424613587292,0.8909424613587292
Limbe District Hospital,Metformin,2023-05-31,199,996,0,0,0.0,1.0
Tiko District Hospital,ACTs,2024-10-31,207,0,1,1,1.0,1.0
Muyuka Health Center,Ceftriaxone,2024-09-30,278,1273,0,0,0.0,1.0
Limbe District Hospital,Metformin,2023-10-31,162,465,0,0,0.010849108548473404,0.9891508914515265
Buea Regional Hospital,Salbutamol,2024-08-31,261,1305,0,0,0.0,1.0
Limbe District Hospital,ACTs,2024-06-30,663,948,0,0,0.0,1.0
Muyuka Health Center,Metformin,2023-04-30,270,938,0,0,0.0008796764408493426,0.9991203235591506
Kumba District Hospital,Paracetamol,2024-08-31,484,629,0,0,0.0,1.0
Kumba District Hospital,Salbutamol,2024-04-30,204,407,0,0,0.0,1.0
Tiko District Hospital,Metformin,2024-07-31,514,321,0,0,0.0,1.0
Limbe District Hospital,ORS,2023-08-31,598,0,1,1,0.9991386554621848,0.9991386554621848
Limbe District Hospital,Amoxicillin,2024-12-31,418,501,0,0,0.0,1.0
Muyuka Health Center,Amoxicillin,2023-11-30,176,192,0,0,0.0,1.0
Limbe District Hospital,ACTs,2024-12-31,310,407,0,0,0.0,1.0
Muyuka Health Center,ACTs,2023-05-31,446,945,0,0,0.0,1.0
Muyuka Health Center,Amoxicillin,2024-02-29,289,0,1,1,1.0,1.0
Kumba District Hospital,Atenolol,2024-10-31,506,227,0,0,0.0023262032085561496,0.9976737967914439
Limbe District Hospital,Atenolol,2023-01-31,465,3424,0,0,0.0,1.0
Kumba District Hospital,Paracetamol,2023-06-30,233,745,0,0,0.004229712984359825,0.9957702870156402
Tiko District Hospital,ORS,2023-05-31,444,1619,0,0,0.0,1.0
Limbe District Hospital,ACTs,2024-01-31,326,0,1,1,1.0,1.0
Tiko District Hospital,Salbutamol,2023-01-31,516,1319,0,0,0.0,1.0
Tiko District Hospital,Paracetamol,2024-02-29,663,442,0,0,0.0,1.0
Limbe District Hospital,Amoxicillin,2024-12-31,424,365,0,0,0.0,1.0
Muyuka Health Center,Atenolol,2023-05-31,431,462,0,0,0.0,1.0
Kumba District Hospital,Paracetamol,2023-01-31,351,1641,0,0,0.0,1.0
Muyuka Health Center,Paracetamol,2023-06-30,401,726,0,0,0.0,1.0
Muyuka Health Center,Paracetamol,2024-04-30,185,0,1,1,1.0,1.0
Tiko District Hospital,Ceftriaxone,2023-11-30,509,360,0,0,0.0,1.0
Limbe District Hospital,Atenolol,2023-12-31,573,0,1,1,1.0,1.0
Tiko District Hospital,ACTs,2024-12-31,344,388,0,0,0.003466135458167331,0.9965338645418327
Tiko District Hospital,ORS,2023-12-31,491,919,0,0,0.0,1.0
Kumba District Hospital,Paracetamol,2024-12-31,178,154,0,0,0.0,1.0
Buea Regional Hospital,Metformin,2023-04-30,350,0,1,1,0.9895207590875004,0.9895207590875004
Tiko District Hospital,Atenolol,2024-05-31,416,0,1,1,1.0,1.0
Limbe District Hospital,Ceftriaxone,2023-07-31,501,261,0,0,0.0,1.0
Muyuka Health Center,Ceftriaxone,2023-04-30,294,1291,0,0,0.0,1.0
Buea Regional Hospital,Ceftriaxone,2024-07-31,483,65,0,0,0.05869387387779525,0.9413061261222047
Limbe District Hospital,Ceftriaxone,2023-04-30,585,1431,0,0,0.0,1.0
Tiko District Hospital,ORS,2023-03-31,239,1473,0,0,0.0,1.0
Buea Regional Hospital,Amoxicillin,2024-08-31,350,0,1,1,1.0,1.0
Muyuka Health Center,Paracetamol,2024-03-31,723,0,1,1,0.9996743447180302,0.9996743447180302
Limbe District Hospital,Paracetamol,2023-05-31,253,1178,0,0,0.0,1.0
Tiko District Hospital,ACTs,2023-09-30,273,1190,0,0,0.0,1.0
Tiko District Hospital,ORS,2023-06-30,425,1175,0,0,0.0,1.0
Buea Regional Hospital,Salbutamol,2023-08-31,313,0,1,1,0.9852252252252254,0.9852252252252254
Tiko District Hospital,Salbutamol,2023-05-31,608,357,0,0,0.0,1.0
Limbe District Hospital,ACTs,2023-03-31,298,893,0,0,0.0,1.0
Kumba District Hospital,Metformin,2023-01-31,385,2153,0,0,0.0,1.0
Muyuka Health Center,Atenolol,2024-03-31,318,312,0,0,0.0,1.0
Kumba District Hospital,Metformin,2024-08-31,444,0,1,1,1.0,1.0
Kumba District Hospital,Ceftriaxone,2024-01-31,441,0,1,1,0.9969063372934406,0.9969063372934406
Limbe District Hospital,Atenolol,2023-10-31,191,0,1,1,1.0,1.0
Muyuka Health Center,Metformin,2024-11-30,481,810,0,0,0.0,1.0
Muyuka Health Center,Ceftriaxone,2023-04-30,455,1346,0,0,0.0,1.0
Limbe District Hospital,Paracetamol,2023-06-30,276,1412,0,0,0.0,1.0
Tiko District Hospital,Metformin,2024-06-30,465,781,0,0,0.0,1.0
Muyuka Health Center,Atenolol,2023-05-31,569,0,1,1,0.983518232213127,0.983518232213127
Muyuka Health Center,Atenolol,2024-09-30,489,0,1,1,1.0,1.0
Kumba District Hospital,Salbutamol,2024-06-30,206,94,0,0,0.0026126126126126132,0.9973873873873873
Buea Regional Hospital,Metformin,2023-06-30,163,0,1,1,0.994889898255814,0.994889898255814
Muyuka Health Center,ACTs,2023-03-31,537,2304,0,0,0.0,1.0
Muyuka Health Center,Atenolol,2024-03-31,93,136,0,0,0.012388939667407133,0.9876110603325929
Muyuka Health Center,Salbutamol,2024-12-31,201,0,1,1,1.0,1.0
Muyuka Health Center,Ceftriaxone,2024-06-30,366,502,0,0,0.0,1.0
Muyuka Health Center,ORS,2023-06-30,271,553,0,0,0.0,1.0
Muyuka Health Center,Amoxicillin,2024-05-31,189,923,0,0,0.0,1.0
Tiko District Hospital,Metformin,2023-02-28,465,1791,0,0,0.0,1.0
Buea Regional Hospital,Amoxicillin,2024-06-30,366,673,0,0,0.0,1.0
Kumba District Hospital,Metformin,2024-03-31,289,0,1,1,1.0,1.0
Muyuka Health Center,Ceftriaxone,2024-04-30,343,0,1,1,1.0,1.0
Tiko District Hospital,Ceftriaxone,2023-08-31,267,0,1,1,1.0,1.0
Limbe District Hospital,Atenolol,2023-01-31,434,1230,0,0,0.0,1.0
Kumba District Hospital,ACTs,2024-04-30,474,967,0,0,0.0,1.0
Muyuka Health Center,Ceftriaxone,2024-03-31,324,936,0,0,0.0,1.0
Kumba District Hospital,Atenolol,2023-10-31,422,0,1,1,1.0,1.0
Kumba District Hospital,Paracetamol,2024-01-31,621,0,1,1,1.0,1.0
Kumba District Hospital,ACTs,2023-12-31,198,1612,0,0,0.0,1.0
Kumba District Hospital,Paracetamol,2023-07-31,599,969,0,0,0.0,1.0
Buea Regional Hospital,Ceftriaxone,2024-06-30,544,0,1,1,1.0,1.0
Buea Regional Hospital,ORS,2023-01-31,598,3158,0,0,0.0,1.0
Buea Regional Hospital,Amoxicillin,2024-05-31,268,941,0,0,0.0,1.0
Buea Regional Hospital,Ceftriaxone,2023-03-31,604,2311,0,0,0.0,1.0
Kumba District Hospital,ORS,2024-10-31,323,0,1,1,1.0,1.0
Muyuka Health Center,Amoxicillin,2024-09-30,487,307,0,0,0.009138655462184873,0.9908613445378152
Kumba District Hospital,Salbutamol,2024-04-30,431,300,0,0,0.0,1.0
Tiko District Hospital,Salbutamol,2024-01-31,606,602,0,0,0.0,1.0
Buea Regional Hospital,Atenolol,2024-08-31,634,0,1,1,1.0,1.0
Kumba District Hospital,Atenolol,2024-03-31,560,336,0,0,0.0,1.0
Kumba District Hospital,Metformin,2023-02-28,435,1342,0,0,0.0,1.0
Kumba District Hospital,Paracetamol,2024-02-29,449,0,1,1,1.0,1.0
Tiko District Hospital,Paracetamol,2024-02-29,332,0,1,1,0.99580246153088,0.99580246153088
Buea Regional Hospital,Paracetamol,2024-05-31,496,102,0,0,0.02825418915064745,0.9717458108493525
Limbe District Hospital,Metformin,2023-11-30,176,643,0,0,0.0,1.0
Limbe District Hospital,ACTs,2024-02-29,350,313,0,0,0.0,1.0
Kumba District Hospital,Metformin,2024-06-30,363,232,0,0,0.0,1.0
Muyuka Health Center,Amoxicillin,2024-08-31,504,0,1,1,1.0,1.0
Buea Regional Hospital,Ceftriaxone,2023-01-31,362,2631,0,0,0.00936923076923077,0.9906307692307692
Limbe District Hospital,Amoxicillin,2023-07-31,350,23,1,1,0.9860568948701048,0.9860568948701048
Limbe District Hospital,ORS,2024-09-30,555,0,1,1,1.0,1.0
Muyuka Health Center,Amoxicillin,2024-08-31,80,271,0,0,0.0,1.0
Tiko District Hospital,Ceftriaxone,2023-01-31,375,2009,0,0,0.0,1.0
Tiko District Hospital,Atenolol,2024-02-29,508,107,0,0,0.022773322497546614,0.9772266775024534
Muyuka Health Center,Salbutamol,2024-08-31,126,262,0,0,0.0052252252252252265,0.9947747747747748
Buea Regional Hospital,Amoxicillin,2024-03-31,442,409,0,0,0.0,1.0
Limbe District Hospital,Atenolol,2023-03-31,452,2683,0,0,0.0,1.0
Kumba District Hospital,Ceftriaxone,2023-10-31,157,1352,0,0,0.0,1.0
Tiko District Hospital,ORS,2023-11-30,80,0,1,1,1.0,1.0
Limbe District Hospital,Amoxicillin,2023-08-31,414,0,1,1,1.0,1.0
Muyuka Health Center,Metformin,2023-01-31,375,1756,0,0,0.00936923076923077,0.9906307692307692
Limbe District Hospital,Amoxicillin,2023-02-28,253,2057,0,0,0.0,1.0
Kumba District Hospital,ACTs,2024-12-31,434,413,0,0,0.01,0.99
Kumba District Hospital,Salbutamol,2023-01-31,135,3280,0,0,0.0,1.0
Tiko District Hospital,ACTs,2024-05-31,254,22,1,1,0.9792525936182728,0.9792525936182728
Tiko District Hospital,Paracetamol,2023-05-31,223,760,0,0,0.0051479289940828425,0.9948520710059172
Buea Regional Hospital,ORS,2024-05-31,446,0,1,1,1.0,1.0
Kumba District Hospital,Ceftriaxone,2023-12-31,411,602,0,0,0.0,1.0
Kumba District Hospital,ACTs,2023-02-28,151,2313,0,0,0.0,1.0
Tiko District Hospital,Amoxicillin,2024-10-31,614,0,1,1,1.0,1.0
Tiko District Hospital,Amoxicillin,2024-01-31,470,1009,0,0,0.0,1.0
Muyuka Health Center,Amoxicillin,2023-06-30,80,947,0,0,0.0,1.0
Limbe District Hospital,ORS,2023-07-31,673,0,1,1,0.9991386554621848,0.9991386554621848
Kumba District Hospital,Ceftriaxone,2023-04-30,376,2149,0,0,0.0,1.0
Kumba District Hospital,ACTs,2023-09-30,288,787,0,0,0.0,1.0
Kumba District Hospital,ACTs,2023-04-30,558,2453,0,0,0.0,1.0
Buea Regional Hospital,ORS,2024-10-31,281,647,0,0,0.001617100371747212,0.9983828996282529
Limbe District Hospital,ORS,2024-08-31,417,0,1,1,1.0,1.0
Kumba District Hospital,Atenolol,2024-06-30,387,426,0,0,0.0,1.0
Tiko District Hospital,Amoxicillin,2024-11-30,489,0,1,1,1.0,1.0
Kumba District Hospital,Ceftriaxone,2024-02-29,423,492,0,0,0.0,1.0
Muyuka Health Center,Salbutamol,2023-12-31,111,1546,0,0,0.0,1.0
Limbe District Hospital,ORS,2023-03-31,788,1248,0,0,0.0,1.0
Tiko District Hospital,Amoxicillin,2024-01-31,485,1123,0,0,0.0,1.0
Limbe District Hospital,Ceftriaxone,2024-12-31,270,0,1,1,1.0,1.0
Tiko District Hospital,ACTs,2024-01-31,113,0,1,1,0.99,0.99
Buea Regional Hospital,Paracetamol,2024-01-31,412,0,1,1,1.0,1.0
Kumba District Hospital,ORS,2024-09-30,246,0,1,1,1.0,1.0
Buea Regional Hospital,ORS,2024-08-31,330,210,0,0,0.0,1.0
Buea Regional Hospital,Atenolol,2024-05-31,548,437,0,0,0.0,1.0
Muyuka Health Center,ACTs,2024-06-30,286,1017,0,0,0.0,1.0
Muyuka Health Center,Salbutamol,2023-04-30,163,2854,0,0,0.0,1.0
Muyuka Health Center,Salbutamol,2023-11-30,572,0,1,1,1.0,1.0
Tiko District Hospital,Metformin,2023-08-31,402,0,1,1,1.0,1.0
Muyuka Health Center,Salbutamol,2023-08-31,683,0,1,1,0.9427906307359963,0.9427906307359963
Buea Regional Hospital,Atenolol,2023-08-31,383,1031,0,0,0.0,1.0
Muyuka Health Center,Atenolol,2023-12-31,213,0,1,1,1.0,1.0
Muyuka Health Center,Metformin,2024-05-31,523,514,0,0,0.0,1.0
Buea Regional Hospital,Salbutamol,2023-04-30,216,2105,0,0,0.0,1.0
Limbe District Hospital,Paracetamol,2023-07-31,527,1105,0,0,0.0,1.0
Limbe District Hospital,ACTs,2023-03-31,553,1820,0,0,0.0,1.0
Kumba District Hospital,Metformin,2023-04-30,458,1821,0,0,0.0,1.0
Limbe District Hospital,Metformin,2023-04-30,459,962,0,0,0.0,1.0
Muyuka Health Center,Atenolol,2023-01-31,145,2454,0,0,0.0,1.0
Buea Regional Hospital,Atenolol,2023-02-28,504,2620,0,0,0.0,1.0
Tiko District Hospital,Amoxicillin,2024-11-30,510,0,1,1,1.0,1.0
Tiko District Hospital,Salbutamol,2023-05-31,418,684,0,0,0.0,1.0
Kumba District Hospital,Metformin,2023-04-30,343,1166,0,0,0.0,1.0
Buea Regional Hospital,Salbutamol,2024-03-31,266,1167,0,0,0.0,1.0
Kumba District Hospital,Atenolol,2024-01-31,354,960,0,0,0.0,1.0
Muyuka Health Center,Atenolol,2024-11-30,316,794,0,0,0.0,1.0
Kumba District Hospital,Atenolol,2023-04-30,327,2081,0,0,0.0,1.0
Kumba District Hospital,Salbutamol,2024-10-31,424,1135,0,0,0.0,1.0
Kumba District Hospital,ACTs,2024-07-31,333,0,1,1,1.0,1.0
Tiko District Hospital,Amoxicillin,2023-04-30,437,376,0,0,0.0,1.0
Kumba District Hospital,Atenolol,2023-02-28,560,2303,0,0,0.0,1.0
Limbe District Hospital,Salbutamol,2024-06-30,262,898,0,0,0.0,1.0
Buea Regional Hospital,ACTs,2024-03-31,177,890,0,0,0.0,1.0
Limbe District Hospital,ACTs,2024-07-31,445,684,0,0,0.0,1.0
Limbe District Hospital,Amoxicillin,2023-11-30,617,674,0,0,0.0,1.0
Tiko District Hospital,ORS,2023-09-30,424,1365,0,0,0.0,1.0
Kumba District Hospital,Paracetamol,2024-11-30,90,111,0,0,0.002979452054794521,0.9970205479452054
Kumba District Hospital,Amoxicillin,2023-09-30,331,825,0,0,0.0,1.0
Muyuka Health Center,ORS,2024-10-31,658,0,1,1,0.9991386554621848,0.9991386554621848
Tiko District Hospital,ORS,2024-03-31,550,474,0,0,0.0,1.0
Kumba District Hospital,Paracetamol,2024-01-31,306,666,0,0,0.0,1.0
Tiko District Hospital,Ceftriaxone,2024-06-30,516,367,0,0,0.0,1.0
Tiko District Hospital,Atenolol,2024-03-31,584,1352,0,0,0.0,1.0
Kumba District Hospital,Salbutamol,2023-11-30,96,998,0,0,0.0,1.0
Limbe District Hospital,ORS,2024-08-31,467,0,1,1,1.0,1.0
Tiko District Hospital,Metformin,2023-09-30,277,1302,0,0,0.0,1.0
Kumba District Hospital,Salbutamol,2024-08-31,460,0,1,1,1.0,1.0
Tiko District Hospital,Salbutamol,2023-02-28,289,1918,0,0,0.0,1.0
Tiko District Hospital,Amoxicillin,2023-06-30,185,12,1,1,0.9904351055269466,0.9904351055269466
Buea Regional Hospital,Amoxicillin,2023-12-31,290,1001,0,0,0.0,1.0
Kumba District Hospital,Paracetamol,2023-12-31,171,0,1,1,0.99,0.99
Kumba District Hospital,Amoxicillin,2024-10-31,442,171,0,0,0.0,1.0
Muyuka Health Center,Amoxicillin,2024-06-30,215,734,0,0,0.0,1.0
Buea Regional Hospital,ACTs,2023-12-31,290,721,0,0,0.0,1.0
Tiko District Hospital,Amoxicillin,2023-06-30,547,694,0,0,0.0,1.0
Tiko District Hospital,Salbutamol,2023-03-31,400,1630,0,0,0.0,1.0
Buea Regional Hospital,Metformin,2024-03-31,458,0,1,1,1.0,1.0
Tiko District Hospital,ORS,2023-08-31,203,171,0,0,0.0,1.0
Tiko District Hospital,ORS,2023-12-31,297,10,1,1,0.996068633436945,0.996068633436945
Limbe District Hospital,Ceftriaxone,2024-08-31,191,0,1,1,1.0,1.0
Muyuka Health Center,Metformin,2024-02-29,345,558,0,0,0.0,1.0
Limbe District Hospital,Ceftriaxone,2023-01-31,280,3106,0,0,0.0,1.0
Buea Regional Hospital,ACTs,2023-05-31,114,839,0,0,0.0,1.0
Kumba District Hospital,Paracetamol,2024-06-30,458,0,1,1,1.0,1.0
Buea Regional Hospital,ORS,2024-06-30,571,0,1,1,1.0,1.0
Muyuka Health Center,ACTs,2024-08-31,458,612,0,0,0.0,1.0
Kumba District Hospital,Amoxicillin,2023-12-31,414,0,1,1,1.0,1.0
Buea Regional Hospital,Amoxicillin,2023-04-30,544,1760,0,0,0.0,1.0
Limbe District Hospital,Paracetamol,2024-09-30,80,0,1,1,0.988413926499033,0.988413926499033
Buea Regional Hospital,Salbutamol,2023-05-31,149,1889,0,0,0.0,1.0
Tiko District Hospital,Paracetamol,2024-01-31,580,0,1,1,0.9984139264990328,0.9984139264990328
Tiko District Hospital,Salbutamol,2023-07-31,498,1270,0,0,0.0,1.0
Tiko District Hospital,ORS,2024-08-31,152,1013,0,0,0.0,1.0
Limbe District Hospital,Amoxicillin,2023-03-31,499,1308,0,0,0.0,1.0
Muyuka Health Center,ACTs,2024-01-31,229,528,0,0,0.0,1.0
Tiko District Hospital,Salbutamol,2023-01-31,608,1820,0,0,0.0,1.0
Limbe District Hospital,Ceftriaxone,2023-08-31,564,0,1,1,1.0,1.0
Tiko District Hospital,Amoxicillin,2024-07-31,444,103,0,0,0.0,1.0
Tiko District Hospital,Atenolol,2023-04-30,546,743,0,0,0.0,1.0
Limbe District Hospital,Amoxicillin,2024-06-30,355,8,1,1,0.9755104072398191,0.9755104072398191
Limbe District Hospital,Salbutamol,2023-04-30,378,2671,0,0,0.0,1.0
Limbe District Hospital,Metformin,2023-08-31,263,0,1,1,0.9926126126126127,0.9926126126126127
Limbe District Hospital,Salbutamol,2024-05-31,365,0,1,1,0.9993239901071723,0.9993239901071723
Buea Regional Hospital,Amoxicillin,2023-04-30,256,1224,0,0,0.0,1.0
Buea Regional Hospital,ORS,2024-10-31,337,849,0,0,0.0,1.0
Limbe District Hospital,Paracetamol,2023-03-31,120,1667,0,0,0.0,1.0
Tiko District Hospital,ORS,2023-09-30,700,0,1,1,0.992837447098935,0.992837447098935
Muyuka Health Center,ACTs,2024-08-31,360,456,0,0,0.0,1.0
Tiko District Hospital,Amoxicillin,2023-11-30,378,565,0,0,0.0,1.0
Limbe District Hospital,ACTs,2024-10-31,312,130,0,0,0.009714738240403285,0.9902852617595967
Muyuka Health Center,ACTs,2024-07-31,381,0,1,1,1.0,1.0
Buea Regional Hospital,Ceftriaxone,2024-10-31,262,707,0,0,0.0,1.0
Tiko District Hospital,Metformin,2023-05-31,545,1161,0,0,0.0,1.0
Buea Regional Hospital,Paracetamol,2024-02-29,614,517,0,0,0.0,1.0
Kumba District Hospital,Ceftriaxone,2023-03-31,470,892,0,0,0.007795698924731183,0.9922043010752688
Tiko District Hospital,Amoxicillin,2023-05-31,289,301,0,0,0.0,1.0
Muyuka Health Center,Salbutamol,2023-07-31,201,1867,0,0,0.0,1.0
Muyuka Health Center,ORS,2023-12-31,631,0,1,1,0.9991386554621848,0.9991386554621848
Limbe District Hospital,ACTs,2024-12-31,400,946,0,0,0.0,1.0
Buea Regional Hospital,Amoxicillin,2024-11-30,565,349,0,0,0.0,1.0
Buea Regional Hospital,Atenolol,2023-07-31,597,0,1,1,0.9974583275933324,0.9974583275933324
Kumba District Hospital,Amoxicillin,2024-07-31,359,0,1,1,1.0,1.0
Limbe District Hospital,Paracetamol,2024-12-31,547,270,0,0,0.0,1.0
Limbe District Hospital,Amoxicillin,2023-02-28,510,961,0,0,0.0,1.0
Buea Regional Hospital,ORS,2024-04-30,301,0,1,1,1.0,1.0
Buea Regional Hospital,Salbutamol,2023-06-30,488,288,0,0,0.001617100371747212,0.9983828996282529
Muyuka Health Center,Metformin,2024-08-31,490,816,0,0,0.0,1.0
Buea Regional Hospital,ACTs,2023-11-30,269,623,0,0,0.0,1.0
Limbe District Hospital,Salbutamol,2023-08-31,529,0,1,1,0.9712336114056681,0.9712336114056681
Muyuka Health Center,Paracetamol,2024-04-30,257,0,1,1,1.0,1.0
Kumba District Hospital,ACTs,2024-07-31,330,1044,0,0,0.0,1.0
Limbe District Hospital,Amoxicillin,2023-05-31,311,693,0,0,0.0,1.0
Limbe District Hospital,Amoxicillin,2023-12-31,307,387,0,0,0.0,1.0
Kumba District Hospital,Salbutamol,2023-06-30,157,1866,0,0,0.0,1.0
Muyuka Health Center,ACTs,2023-03-31,284,2152,0,0,0.0,1.0
Buea Regional Hospital,Salbutamol,2024-11-30,401,859,0,0,0.0,1.0
Tiko District Hospital,Amoxicillin,2024-05-31,442,318,0,0,0.0,1.0
Limbe District Hospital,Paracetamol,2024-08-31,566,255,0,0,0.0,1.0
Buea Regional Hospital,Salbutamol,2024-08-31,322,282,0,0,0.0,1.0
Limbe District Hospital,Atenolol,2024-11-30,494,159,0,0,0.0,1.0
Buea Regional Hospital,Metformin,2023-09-30,430,232,0,0,0.0026126126126126124,0.9973873873873873
Tiko District Hospital,Ceftriaxone,2023-02-28,270,2390,0,0,0.0,1.0
Kumba District Hospital,Paracetamol,2024-12-31,156,0,1,1,1.0,1.0
Limbe District Hospital,Paracetamol,2023-09-30,364,1041,0,0,0.0,1.0
Buea Regional Hospital,Atenolol,2024-04-30,441,257,0,0,0.0011096938775510205,0.998890306122449
Limbe District Hospital,Paracetamol,2024-07-31,271,833,0,0,0.0,1.0
Buea Regional Hospital,Salbutamol,2023-12-31,158,251,0,0,0.0,1.0
Buea Regional Hospital,ORS,2024-02-29,166,425,0,0,0.0,1.0
Muyuka Health Center,ORS,2024-06-30,331,418,0,0,0.0,1.0
Kumba District Hospital,Ceftriaxone,2023-07-31,326,0,1,1,0.9852252252252254,0.9852252252252254
Limbe District Hospital,Metformin,2023-12-31,162,0,1,1,0.9957011795543906,0.9957011795543906
Tiko District Hospital,Paracetamol,2023-03-31,535,2129,0,0,0.0,1.0
Muyuka Health Center,ORS,2024-05-31,316,734,0,0,0.0,1.0
Buea Regional Hospital,Amoxicillin,2024-08-31,366,0,1,1,0.9966090129623578,0.9966090129623578
Tiko District Hospital,ORS,2024-11-30,80,622,0,0,0.0,1.0
Muyuka Health Center,Amoxicillin,2024-09-30,80,60,0,0,0.05112502132590089,0.9488749786740992
Tiko District Hospital,ORS,2023-07-31,562,0,1,1,1.0,1.0
Kumba District Hospital,Atenolol,2024-11-30,550,449,0,0,0.0,1.0
Buea Regional Hospital,Metformin,2024-08-31,299,0,1,1,1.0,1.0
Limbe District Hospital,Paracetamol,2023-07-31,192,133,0,0,0.0,1.0
Kumba District Hospital,Ceftriaxone,2023-03-31,536,1067,0,0,0.00936923076923077,0.9906307692307692
Limbe District Hospital,Salbutamol,2023-04-30,451,1364,0,0,0.0,1.0
Buea Regional Hospital,Salbutamol,2023-03-31,426,1410,0,0,0.0,1.0
Kumba District Hospital,Amoxicillin,2023-08-31,447,70,0,0,0.06089455691083024,0.9391054430891695
Limbe District Hospital,Ceftriaxone,2024-09-30,339,0,1,1,1.0,1.0
Tiko District Hospital,Amoxicillin,2024-08-31,486,0,1,1,1.0,1.0
Limbe District Hospital,Paracetamol,2024-12-31,374,0,1,1,0.9993239901071723,0.9993239901071723
Limbe District Hospital,ACTs,2024-04-30,252,573,0,0,0.0,1.0
Tiko District Hospital,Ceftriaxone,2024-01-31,455,495,0,0,0.0,1.0
Muyuka Health Center,Metformin,2024-09-30,576,325,0,0,0.0,1.0
Kumba District Hospital,Paracetamol,2023-01-31,520,2793,0,0,0.0,1.0
Tiko District Hospital,Atenolol,2023-03-31,234,2076,0,0,0.0,1.0
Kumba District Hospital,Amoxicillin,2023-04-30,523,370,0,0,0.007795698924731183,0.9922043010752688
Tiko District Hospital,Ceftriaxone,2023-10-31,447,807,0,0,0.0,1.0
Buea Regional Hospital,Salbutamol,2023-06-30,332,1740,0,0,0.0,1.0
Limbe District Hospital,ORS,2023-08-31,686,574,0,0,0.0,1.0
Tiko District Hospital,Paracetamol,2023-06-30,485,542,0,0,0.0,1.0
Kumba District Hospital,Atenolol,2023-11-30,130,0,1,1,1.0,1.0
Buea Regional Hospital,Ceftriaxone,2023-12-31,407,1054,0,0,0.0,1.0
Limbe District Hospital,Paracetamol,2023-12-31,426,643,0,0,0.0,1.0
Kumba District Hospital,Paracetamol,2024-12-31,543,177,0,0,0.016934354386916057,0.983065645613084
Kumba District Hospital,Metformin,2024-12-31,272,0,1,1,1.0,1.0
Buea Regional Hospital,Salbutamol,2023-09-30,441,0,1,1,1.0,1.0
Kumba District Hospital,Amoxicillin,2023-08-31,381,0,1,1,1.0,1.0
Tiko District Hospital,ACTs,2023-09-30,82,143,0,0,0.022131107450957376,0.9778688925490425
Limbe District Hospital,Metformin,2024-06-30,415,413,0,0,0.0,1.0
Muyuka Health Center,Salbutamol,2023-01-31,383,3166,0,0,0.009323990107172301,0.9906760098928277
Limbe District Hospital,Amoxicillin,2024-10-31,548,301,0,0,0.0,1.0
Kumba District Hospital,ORS,2024-10-31,155,0,1,1,0.9984139264990329,0.9984139264990329
Tiko District Hospital,Salbutamol,2023-04-30,482,1562,0,0,0.0,1.0
Buea Regional Hospital,Metformin,2024-02-29,305,582,0,0,0.0,1.0
Tiko District Hospital,Salbutamol,2024-06-30,401,949,0,0,0.011289105464671078,0.988710894535329
Muyuka Health Center,Amoxicillin,2023-05-31,267,2394,0,0,0.0,1.0
Kumba District Hospital,Ceftriaxone,2024-03-31,236,917,0,0,0.0,1.0
Tiko District Hospital,Salbutamol,2023-05-31,467,1080,0,0,0.0,1.0
Kumba District Hospital,ORS,2024-07-31,232,0,1,1,1.0,1.0
Kumba District Hospital,ORS,2024-12-31,356,0,1,1,0.9993239901071723,0.9993239901071723
Buea Regional Hospital,ACTs,2023-10-31,278,901,0,0,0.005147928994082841,0.9948520710059171
Tiko District Hospital,Salbutamol,2023-06-30,342,798,0,0,0.0,1.0
Limbe District Hospital,Paracetamol,2024-09-30,422,865,0,0,0.0,1.0
Muyuka Health Center,Ceftriaxone,2023-01-31,235,1999,0,0,0.0,1.0
Kumba District Hospital,Amoxicillin,2023-02-28,383,1687,0,0,0.0,1.0
Muyuka Health Center,Salbutamol,2023-06-30,384,952,0,0,0.001617100371747212,0.9983828996282529
Tiko District Hospital,Atenolol,2023-08-31,537,421,0,0,0.0,1.0
Muyuka Health Center,Metformin,2023-06-30,540,0,1,1,0.9621169731974867,0.9621169731974867
Buea Regional Hospital,Atenolol,2023-08-31,517,0,1,1,0.9961838534341463,0.9961838534341463
Buea Regional Hospital,ORS,2023-11-30,530,71,0,0,0.04637554627694982,0.95362445372305
Buea Regional Hospital,ORS,2024-04-30,527,0,1,1,1.0,1.0
Limbe District Hospital,Ceftriaxone,2024-09-30,474,0,1,1,1.0,1.0
Tiko District Hospital,Ceftriaxone,2024-05-31,632,787,0,0,0.0,1.0
Limbe District Hospital,Paracetamol,2023-07-31,168,1136,0,0,0.0,1.0
Limbe District Hospital,Metformin,2023-09-30,80,1233,0,0,0.0,1.0
Muyuka Health Center,Amoxicillin,2023-07-31,278,7,1,1,0.9880930232558139,0.9880930232558139
Tiko District Hospital,Metformin,2024-01-31,459,0,1,1,1.0,1.0
Buea Regional Hospital,Salbutamol,2023-10-31,209,663,0,0,0.0,1.0
Tiko District Hospital,Salbutamol,2023-04-30,413,1097,0,0,0.0,1.0
Limbe District Hospital,Amoxicillin,2023-04-30,498,808,0,0,0.0,1.0
Tiko District Hospital,Ceftriaxone,2024-03-31,448,414,0,0,0.0,1.0
Buea Regional Hospital,ORS,2024-06-30,591,18,1,1,0.9748967787483978,0.9748967787483978
Muyuka Health Center,Salbutamol,2024-03-31,378,1359,0,0,0.0,1.0
Muyuka Health Center,Ceftriaxone,2024-04-30,661,0,1,1,1.0,1.0
Muyuka Health Center,Metformin,2024-10-31,592,0,1,1,1.0,1.0
Buea Regional Hospital,Ceftriaxone,2024-08-31,463,509,0,0,0.0,1.0
Muyuka Health Center,Amoxicillin,2023-12-31,195,813,0,0,0.0,1.0
Muyuka Health Center,Metformin,2024-04-30,309,0,1,1,1.0,1.0
Tiko District Hospital,Paracetamol,2024-06-30,405,0,1,1,0.9984139264990328,0.9984139264990328
Kumba District Hospital,Salbutamol,2023-08-31,445,0,1,1,0.999271758436945,0.999271758436945
Buea Regional Hospital,Amoxicillin,2023-08-31,430,0,1,1,1.0,1.0
Buea Regional Hospital,Salbutamol,2023-07-31,163,1208,0,0,0.0,1.0
Limbe District Hospital,Metformin,2023-03-31,228,1590,0,0,0.0,1.0
Buea Regional Hospital,Amoxicillin,2023-08-31,245,708,0,0,0.0,1.0
Buea Regional Hospital,Salbutamol,2023-08-31,344,625,0,0,0.0,1.0
Tiko District Hospital,Paracetamol,2023-10-31,605,327,0,0,0.0,1.0
Kumba District Hospital,Metformin,2023-12-31,333,495,0,0,0.0,1.0
Kumba District Hospital,Atenolol,2024-05-31,262,0,1,1,0.99,0.99
Limbe District Hospital,Metformin,2024-08-31,258,0,1,1,1.0,1.0
Limbe District Hospital,Metformin,2024-09-30,80,0,1,1,0.988413926499033,0.988413926499033
Buea Regional Hospital,Paracetamol,2024-12-31,599,0,1,1,0.9983196721311475,0.9983196721311475
Buea Regional Hospital,Amoxicillin,2023-06-30,277,1257,0,0,0.018098912923489276,0.9819010870765106
Limbe District Hospital,ORS,2023-01-31,561,2681,0,0,0.0,1.0
Buea Regional Hospital,Paracetamol,2024-07-31,443,0,1,1,1.0,1.0
Limbe District Hospital,ORS,2023-12-31,539,284,0,0,0.0,1.0
Buea Regional Hospital,ACTs,2023-03-31,440,750,0,0,0.00232620320855615,0.9976737967914439
Tiko District Hospital,ORS,2024-07-31,127,489,0,0,0.0,1.0
Limbe District Hospital,ORS,2024-01-31,525,422,0,0,0.0,1.0
Limbe District Hospital,Ceftriaxone,2024-03-31,343,0,1,1,0.9949411169930649,0.9949411169930649
Muyuka Health Center,ORS,2023-01-31,476,2284,0,0,0.0,1.0
Limbe District Hospital,Salbutamol,2023-09-30,551,0,1,1,1.0,1.0
Kumba District Hospital,Metformin,2023-05-31,698,1363,0,0,0.0,1.0
Muyuka Health Center,Metformin,2023-06-30,208,2080,0,0,0.0,1.0
Tiko District Hospital,Paracetamol,2024-06-30,367,0,1,1,0.9984139264990328,0.9984139264990328
Muyuka Health Center,Ceftriaxone,2024-07-31,265,649,0,0,0.0,1.0
Tiko District Hospital,Atenolol,2024-06-30,410,0,1,1,1.0,1.0
Limbe District Hospital,Ceftriaxone,2024-06-30,296,0,1,1,1.0,1.0
Kumba District Hospital,Amoxicillin,2023-06-30,536,577,0,0,0.0,1.0
Kumba District Hospital,Amoxicillin,2024-09-30,341,304,0,0,0.0,1.0
Tiko District Hospital,Ceftriaxone,2024-04-30,331,0,1,1,0.9985823460999055,0.9985823460999055
Limbe District Hospital,ORS,2024-07-31,481,0,1,1,1.0,1.0
Buea Regional Hospital,Salbutamol,2024-07-31,365,0,1,1,1.0,1.0
Tiko District Hospital,ORS,2023-03-31,157,808,0,0,0.0,1.0
Buea Regional Hospital,ACTs,2023-05-31,462,749,0,0,0.0,1.0
Kumba District Hospital,Atenolol,2024-12-31,555,590,0,0,0.0,1.0
Tiko District Hospital,Metformin,2023-07-31,230,351,0,0,0.0,1.0
Muyuka Health Center,Amoxicillin,2023-01-31,314,3491,0,0,0.0,1.0
Limbe District Hospital,Paracetamol,2024-07-31,577,0,1,1,1.0,1.0
Limbe District Hospital,Ceftriaxone,2023-04-30,244,2259,0,0,0.0,1.0
Tiko District Hospital,ACTs,2024-03-31,146,540,0,0,0.0,1.0
Buea Regional Hospital,Paracetamol,2024-10-31,561,885,0,0,0.0,1.0
Tiko District Hospital,Paracetamol,2023-03-31,200,1029,0,0,0.0,1.0
Muyuka Health Center,ORS,2023-10-31,587,0,1,1,1.0,1.0
Kumba District Hospital,Metformin,2024-12-31,311,1165,0,0,0.0,1.0
Buea Regional Hospital,ORS,2024-10-31,526,500,0,0,0.0,1.0
Buea Regional Hospital,Atenolol,2024-11-30,616,452,0,0,0.0,1.0
Tiko District Hospital,ACTs,2024-05-31,80,0,1,1,0.9882773109243698,0.9882773109243698
Buea Regional Hospital,ORS,2024-09-30,136,985,0,0,0.0,1.0
Limbe District Hospital,ORS,2024-04-30,476,0,1,1,1.0,1.0
Muyuka Health Center,Paracetamol,2023-02-28,585,1955,0,0,0.0,1.0
Kumba District Hospital,ORS,2023-04-30,368,2003,0,0,0.0,1.0
Limbe District Hospital,Metformin,2024-02-29,385,0,1,1,1.0,1.0
Limbe District Hospital,Salbutamol,2024-10-31,308,1527,0,0,0.0,1.0
Limbe District Hospital,Salbutamol,2023-01-31,268,2707,0,0,0.0,1.0
Muyuka Health Center,Salbutamol,2023-08-31,434,530,0,0,0.01252884166882612,0.9874711583311739
Tiko District Hospital,Ceftriaxone,2024-12-31,622,0,1,1,0.9991386554621848,0.9991386554621848
Limbe District Hospital,Atenolol,2023-09-30,334,171,0,0,0.0,1.0
Kumba District Hospital,Salbutamol,2024-12-31,448,280,0,0,0.0,1.0
Tiko District Hospital,Salbutamol,2024-05-31,250,1199,0,0,0.0,1.0
Muyuka Health Center,Metformin,2024-10-31,400,0,1,1,1.0,1.0
Kumba District Hospital,Ceftriaxone,2023-08-31,237,551,0,0,0.0,1.0
Limbe District Hospital,Ceftriaxone,2024-05-31,296,439,0,0,0.0,1.0
Tiko District Hospital,Metformin,2024-02-29,430,0,1,1,0.9945925739247312,0.9945925739247312
Tiko District Hospital,Salbutamol,2023-01-31,254,2173,0,0,0.0,1.0
Limbe District Hospital,Amoxicillin,2024-07-31,477,0,1,1,1.0,1.0
Limbe District Hospital,Amoxicillin,2024-11-30,583,1084,0,0,0.0,1.0
Limbe District Hospital,Ceftriaxone,2024-04-30,518,0,1,1,1.0,1.0
Muyuka Health Center,ACTs,2024-09-30,243,96,0,0,0.022022852683442205,0.9779771473165577
Tiko District Hospital,ACTs,2023-10-31,292,758,0,0,0.0,1.0
Tiko District Hospital,Metformin,2023-09-30,521,541,0,0,0.0,1.0
Limbe District Hospital,Salbutamol,2024-03-31,311,0,1,1,1.0,1.0
Muyuka Health Center,ACTs,2024-06-30,548,159,0,0,0.0,1.0
Limbe District Hospital,Amoxicillin,2023-09-30,568,0,1,1,1.0,1.0
Buea Regional Hospital,ACTs,2023-02-28,280,1915,0,0,0.0,1.0
Limbe District Hospital,Atenolol,2024-04-30,339,1029,0,0,0.0,1.0
Kumba District Hospital,Amoxicillin,2023-02-28,249,2670,0,0,0.0,1.0
Buea Regional Hospital,Atenolol,2024-09-30,411,371,0,0,0.0,1.0
Buea Regional Hospital,Atenolol,2024-11-30,388,705,0,0,0.0,1.0
Tiko District Hospital,ACTs,2024-07-31,254,875,0,0,0.0,1.0
Muyuka Health Center,Atenolol,2024-03-31,561,134,0,0,0.010854769696555104,0.9891452303034449
Tiko District Hospital,Atenolol,2024-03-31,662,0,1,1,0.999043575487261,0.999043575487261
Muyuka Health Center,ORS,2023-08-31,588,329,0,0,0.0,1.0
Kumba District Hospital,Metformin,2023-10-31,323,444,0,0,0.0,1.0
Muyuka Health Center,Amoxicillin,2024-04-30,206,1129,0,0,0.0,1.0
Tiko District Hospital,Atenolol,2023-02-28,396,681,0,0,0.0,1.0
Kumba District Hospital,Amoxicillin,2023-07-31,448,201,0,0,0.0,1.0
Muyuka Health Center,Metformin,2024-07-31,88,816,0,0,0.0,1.0
Limbe District Hospital,Atenolol,2024-11-30,339,0,1,1,1.0,1.0
Limbe District Hospital,ORS,2024-03-31,562,69,0,0,0.11132204948995775,0.8886779505100424
Muyuka Health Center,ORS,2024-05-31,568,0,1,1,1.0,1.0
Limbe District Hospital,Metformin,2023-12-31,400,0,1,1,1.0,1.0
Muyuka Health Center,Salbutamol,2023-09-30,221,1233,0,0,0.0,1.0
Muyuka Health Center,Metformin,2024-12-31,336,0,1,1,1.0,1.0
Muyuka Health Center,Atenolol,2023-08-31,401,0,1,1,0.9977956989247312,0.9977956989247312
Buea Regional Hospital,Salbutamol,2024-03-31,347,0,1,1,1.0,1.0
Tiko District Hospital,Ceftriaxone,2024-12-31,382,838,0,0,0.0,1.0
Kumba District Hospital,Salbutamol,2024-09-30,531,0,1,1,1.0,1.0
Kumba District Hospital,Salbutamol,2023-08-31,697,177,0,0,0.01418336412296907,0.985816635877031
Muyuka Health Center,Ceftriaxone,2023-08-31,393,917,0,0,0.0,1.0
Muyuka Health Center,Paracetamol,2024-02-29,627,0,1,1,1.0,1.0
Kumba District Hospital,Salbutamol,2024-03-31,665,0,1,1,0.999271758436945,0.999271758436945
Muyuka Health Center,Amoxicillin,2023-02-28,80,987,0,0,0.0,1.0
Kumba District Hospital,Amoxicillin,2023-03-31,358,1697,0,0,0.0,1.0
Limbe District Hospital,ORS,2023-12-31,660,713,0,0,0.0,1.0
Tiko District Hospital,Amoxicillin,2024-09-30,229,706,0,0,0.0,1.0
Kumba District Hospital,Amoxicillin,2024-08-31,441,746,0,0,0.0,1.0
Limbe District Hospital,Salbutamol,2024-07-31,216,636,0,0,0.0,1.0
Tiko District Hospital,Paracetamol,2023-08-31,167,197,0,0,0.0053056552633506705,0.9946943447366493
Tiko District Hospital,Salbutamol,2023-12-31,300,829,0,0,0.0,1.0
Kumba District Hospital,Metformin,2023-09-30,531,502,0,0,0.0,1.0
Limbe District Hospital,Atenolol,2023-08-31,663,0,1,1,0.9996743447180302,0.9996743447180302
Buea Regional Hospital,ORS,2024-03-31,136,0,1,1,0.9988716579536968,0.9988716579536968
Muyuka Health Center,ORS,2024-03-31,599,0,1,1,0.9954000383569869,0.9954000383569869
Kumba District Hospital,ACTs,2023-07-31,412,1258,0,0,0.0,1.0
Muyuka Health Center,Ceftriaxone,2023-10-31,204,756,0,0,0.0,1.0
Tiko District Hospital,Salbutamol,2023-11-30,569,681,0,0,0.0,1.0
Tiko District Hospital,ORS,2024-06-30,409,207,0,0,0.026970636735828377,0.9730293632641717
Muyuka Health Center,ORS,2023-05-31,301,854,0,0,0.0,1.0
Limbe District Hospital,ORS,2023-01-31,539,2062,0,0,0.0,1.0
Limbe District Hospital,Amoxicillin,2024-04-30,176,377,0,0,0.0,1.0
Buea Regional Hospital,Salbutamol,2024-12-31,340,0,1,1,1.0,1.0
Limbe District Hospital,Atenolol,2024-04-30,464,0,1,1,0.9959355304621849,0.9959355304621849
Kumba District Hospital,Salbutamol,2024-12-31,198,1123,0,0,0.0,1.0
Buea Regional Hospital,Amoxicillin,2024-02-29,279,439,0,0,0.0,1.0
Muyuka Health Center,Ceftriaxone,2024-06-30,421,711,0,0,0.0,1.0
Kumba District Hospital,ACTs,2023-06-30,190,1321,0,0,0.0,1.0
Muyuka Health Center,ORS,2023-01-31,167,2462,0,0,0.0,1.0
Buea Regional Hospital,Atenolol,2023-02-28,539,1077,0,0,0.0041428571428571434,0.9958571428571429
Limbe District Hospital,ACTs,2024-05-31,263,329,0,0,0.01,0.99
Muyuka Health Center,Paracetamol,2024-11-30,364,169,0,0,0.0,1.0
Limbe District Hospital,Salbutamol,2024-01-31,151,0,1,1,1.0,1.0
Muyuka Health Center,ORS,2024-11-30,304,702,0,0,0.0,1.0
Limbe District Hospital,ORS,2023-08-31,571,0,1,1,0.9986409892061758,0.9986409892061758
Kumba District Hospital,Amoxicillin,2024-07-31,341,0,1,1,1.0,1.0
Muyuka Health Center,Amoxicillin,2024-07-31,496,0,1,1,1.0,1.0
Buea Regional Hospital,Paracetamol,2023-02-28,170,3035,0,0,0.0,1.0
Limbe District Hospital,ORS,2023-07-31,598,0,1,1,0.9963035851561469,0.9963035851561469
Kumba District Hospital,Metformin,2024-01-31,246,163,0,0,0.0,1.0
Limbe District Hospital,Paracetamol,2023-10-31,139,677,0,0,0.0,1.0
Limbe District Hospital,ORS,2024-03-31,547,0,1,1,1.0,1.0
Limbe District Hospital,ACTs,2024-09-30,461,407,0,0,0.0,1.0
Kumba District Hospital,ACTs,2024-04-30,189,958,0,0,0.0,1.0
Muyuka Health Center,Paracetamol,2024-05-31,404,0,1,1,1.0,1.0
Buea Regional Hospital,ACTs,2024-07-31,303,0,1,1,1.0,1.0
Tiko District Hospital,Salbutamol,2024-05-31,407,637,0,0,0.0,1.0
Kumba District Hospital,ACTs,2024-11-30,325,738,0,0,0.0,1.0
Tiko District Hospital,Amoxicillin,2023-05-31,683,1354,0,0,0.0,1.0
Kumba District Hospital,Metformin,2023-09-30,486,0,1,1,1.0,1.0
Kumba District Hospital,Ceftriaxone,2024-10-31,195,987,0,0,0.0,1.0
Kumba District Hospital,Atenolol,2023-06-30,232,0,1,1,0.99,0.99
Muyuka Health Center,Salbutamol,2023-02-28,258,3172,0,0,0.0,1.0
Tiko District Hospital,Paracetamol,2024-09-30,463,237,0,0,0.0,1.0
Kumba District Hospital,Salbutamol,2024-02-29,141,699,0,0,0.0,1.0
Muyuka Health Center,Paracetamol,2024-10-31,353,0,1,1,1.0,1.0
Kumba District Hospital,ORS,2023-01-31,218,2953,0,0,0.0,1.0
Tiko District Hospital,Amoxicillin,2024-04-30,610,0,1,1,0.9978771170006465,0.9978771170006465
Limbe District Hospital,Amoxicillin,2023-02-28,448,1744,0,0,0.0,1.0
Buea Regional Hospital,Atenolol,2023-11-30,615,0,1,1,0.9983196721311475,0.9983196721311475
Limbe District Hospital,ORS,2023-11-30,580,0,1,1,1.0,1.0
Kumba District Hospital,Salbutamol,2024-11-30,470,197,0,0,0.0,1.0
Tiko District Hospital,Amoxicillin,2024-12-31,656,452,0,0,0.0,1.0
Tiko District Hospital,Amoxicillin,2024-09-30,559,0,1,1,1.0,1.0
Limbe District Hospital,ORS,2024-02-29,591,660,0,0,0.0,1.0
Limbe District Hospital,Ceftriaxone,2024-07-31,460,702,0,0,0.0,1.0
Buea Regional Hospital,ACTs,2023-01-31,297,2749,0,0,0.0,1.0
